{"cameraMode":{"drawMode":0,"name":"Shaded","section":"Shading Mode"},"sceneLighting":true,"audioPlay":false,"sceneViewState":{"m_AlwaysRefresh":true,"showFog":true,"showSkybox":true,"showFlares":true,"showImageEffects":true,"showParticleSystems":true,"showVisualEffectGraphs":true,"m_FxEnabled":true},"in2DMode":false,"pivot":{"x":2.353403091430664,"y":-0.808353066444397,"z":-0.49200254678726199},"rotation":{"x":0.0005175264086574316,"y":0.8188429474830627,"z":-0.5740249156951904,"w":0.0007375841960310936},"size":8.841338157653809,"orthographic":false}