{"cameraMode":{"drawMode":0,"name":"Shaded","section":"Shading Mode"},"sceneLighting":true,"audioPlay":false,"sceneViewState":{"m_AlwaysRefresh":true,"showFog":true,"showSkybox":true,"showFlares":true,"showImageEffects":true,"showParticleSystems":true,"showVisualEffectGraphs":true,"m_FxEnabled":true},"in2DMode":false,"pivot":{"x":25.989877700805665,"y":-19.226478576660158,"z":-34.91876983642578},"rotation":{"x":0.22332237660884858,"y":-0.6466396450996399,"z":0.20643587410449983,"w":0.6995664238929749},"size":40.46772003173828,"orthographic":false}