{"cameraMode":{"drawMode":0,"name":"Shaded","section":"Shading Mode"},"sceneLighting":true,"audioPlay":false,"sceneViewState":{"m_AlwaysRefresh":true,"showFog":true,"showSkybox":true,"showFlares":true,"showImageEffects":true,"showParticleSystems":true,"showVisualEffectGraphs":true,"m_FxEnabled":true},"in2DMode":false,"pivot":{"x":0.40074145793914797,"y":-0.029997002333402635,"z":-1.5169901847839356},"rotation":{"x":0.0005175264086574316,"y":0.8188429474830627,"z":-0.5740249156951904,"w":0.0007375841960310936},"size":10.145438194274903,"orthographic":false}